{
    "DateOfBirth": {
        "Precision": 0.9924433249370277,
        "Recall": 0.9800995024875622,
        "F1": 0.9862327909887358
    },
    "HasParent": {
        "Precision": 0.932,
        "Recall": 0.966804979253112,
        "F1": 0.9490835030549899
    }
}